﻿<?xml version="1.0" encoding="utf-8"?>
<abapGit version="v1.0.0" serializer="LCL_OBJECT_TABL" serializer_version="v1.0.0">
 <asx:abap xmlns:asx="http://www.sap.com/abapxml" version="1.0">
  <asx:values>
   <DD02V>
    <TABNAME>ZCOURSE_D</TABNAME>
    <DDLANGUAGE>E</DDLANGUAGE>
    <TABCLASS>TRANSP</TABCLASS>
    <CLIDEP>X</CLIDEP>
    <DDTEXT>Course table for DRAFT scenario</DDTEXT>
    <MASTERLANG>E</MASTERLANG>
    <CONTFLAG>A</CONTFLAG>
    <EXCLASS>1</EXCLASS>
   </DD02V>
   <DD09L>
    <TABNAME>ZCOURSE_D</TABNAME>
    <AS4LOCAL>A</AS4LOCAL>
    <TABKAT>0</TABKAT>
    <TABART>APPL0</TABART>
    <BUFALLOW>N</BUFALLOW>
   </DD09L>
   <DD03P_TABLE>
    <DD03P>
     <TABNAME>ZCOURSE_D</TABNAME>
     <FIELDNAME>CLIENT</FIELDNAME>
     <DDLANGUAGE>E</DDLANGUAGE>
     <POSITION>0001</POSITION>
     <KEYFLAG>X</KEYFLAG>
     <ADMINFIELD>0</ADMINFIELD>
     <INTTYPE>C</INTTYPE>
     <INTLEN>000006</INTLEN>
     <NOTNULL>X</NOTNULL>
     <DATATYPE>CLNT</DATATYPE>
     <LENG>000003</LENG>
     <MASK>  CLNT</MASK>
    </DD03P>
    <DD03P>
     <TABNAME>ZCOURSE_D</TABNAME>
     <FIELDNAME>COURSEUUID</FIELDNAME>
     <POSITION>0002</POSITION>
     <KEYFLAG>X</KEYFLAG>
     <ROLLNAME>SYSUUID_X16</ROLLNAME>
     <ADMINFIELD>0</ADMINFIELD>
     <NOTNULL>X</NOTNULL>
     <COMPTYPE>E</COMPTYPE>
    </DD03P>
    <DD03P>
     <TABNAME>ZCOURSE_D</TABNAME>
     <FIELDNAME>COURSEID</FIELDNAME>
     <POSITION>0003</POSITION>
     <ROLLNAME>ZCOURSEID</ROLLNAME>
     <ADMINFIELD>0</ADMINFIELD>
     <NOTNULL>X</NOTNULL>
     <COMPTYPE>E</COMPTYPE>
    </DD03P>
    <DD03P>
     <TABNAME>ZCOURSE_D</TABNAME>
     <FIELDNAME>COURSENAME</FIELDNAME>
     <POSITION>0004</POSITION>
     <ROLLNAME>ZCOURSENAME</ROLLNAME>
     <ADMINFIELD>0</ADMINFIELD>
     <COMPTYPE>E</COMPTYPE>
    </DD03P>
    <DD03P>
     <TABNAME>ZCOURSE_D</TABNAME>
     <FIELDNAME>VIRTUALPOSSIBLE</FIELDNAME>
     <POSITION>0005</POSITION>
     <ROLLNAME>ZFLAG</ROLLNAME>
     <ADMINFIELD>0</ADMINFIELD>
     <COMPTYPE>E</COMPTYPE>
    </DD03P>
    <DD03P>
     <TABNAME>ZCOURSE_D</TABNAME>
     <FIELDNAME>ISHANDSON</FIELDNAME>
     <POSITION>0006</POSITION>
     <ROLLNAME>ZFLAG</ROLLNAME>
     <ADMINFIELD>0</ADMINFIELD>
     <COMPTYPE>E</COMPTYPE>
    </DD03P>
    <DD03P>
     <TABNAME>ZCOURSE_D</TABNAME>
     <FIELDNAME>TOTALMARKS</FIELDNAME>
     <POSITION>0007</POSITION>
     <ROLLNAME>ZMARKS</ROLLNAME>
     <ADMINFIELD>0</ADMINFIELD>
     <COMPTYPE>E</COMPTYPE>
    </DD03P>
    <DD03P>
     <TABNAME>ZCOURSE_D</TABNAME>
     <FIELDNAME>CUTOFMARKS</FIELDNAME>
     <POSITION>0008</POSITION>
     <ROLLNAME>ZMARKS</ROLLNAME>
     <ADMINFIELD>0</ADMINFIELD>
     <COMPTYPE>E</COMPTYPE>
    </DD03P>
    <DD03P>
     <TABNAME>ZCOURSE_D</TABNAME>
     <FIELDNAME>START_DATE</FIELDNAME>
     <POSITION>0009</POSITION>
     <ROLLNAME>ZST_DT</ROLLNAME>
     <ADMINFIELD>0</ADMINFIELD>
     <SHLPORIGIN>T</SHLPORIGIN>
     <COMPTYPE>E</COMPTYPE>
    </DD03P>
    <DD03P>
     <TABNAME>ZCOURSE_D</TABNAME>
     <FIELDNAME>END_DATE</FIELDNAME>
     <POSITION>0010</POSITION>
     <ROLLNAME>ZEND_DT</ROLLNAME>
     <ADMINFIELD>0</ADMINFIELD>
     <SHLPORIGIN>T</SHLPORIGIN>
     <COMPTYPE>E</COMPTYPE>
    </DD03P>
    <DD03P>
     <TABNAME>ZCOURSE_D</TABNAME>
     <FIELDNAME>ISCOMPLETE</FIELDNAME>
     <POSITION>0011</POSITION>
     <ROLLNAME>ZFLAG</ROLLNAME>
     <ADMINFIELD>0</ADMINFIELD>
     <COMPTYPE>E</COMPTYPE>
    </DD03P>
    <DD03P>
     <TABNAME>ZCOURSE_D</TABNAME>
     <FIELDNAME>CAPACITY</FIELDNAME>
     <POSITION>0012</POSITION>
     <ROLLNAME>ZCAPACITY</ROLLNAME>
     <ADMINFIELD>0</ADMINFIELD>
     <COMPTYPE>E</COMPTYPE>
    </DD03P>
    <DD03P>
     <TABNAME>ZCOURSE_D</TABNAME>
     <FIELDNAME>LAST_CHANGED_BY</FIELDNAME>
     <POSITION>0013</POSITION>
     <ROLLNAME>SYUNAME</ROLLNAME>
     <ADMINFIELD>0</ADMINFIELD>
     <COMPTYPE>E</COMPTYPE>
    </DD03P>
    <DD03P>
     <TABNAME>ZCOURSE_D</TABNAME>
     <FIELDNAME>LAST_CHANGED_AT</FIELDNAME>
     <POSITION>0014</POSITION>
     <ROLLNAME>TIMESTAMPL</ROLLNAME>
     <ADMINFIELD>0</ADMINFIELD>
     <COMPTYPE>E</COMPTYPE>
    </DD03P>
    <DD03P>
     <TABNAME>ZCOURSE_D</TABNAME>
     <FIELDNAME>CHANGED_AT</FIELDNAME>
     <POSITION>0015</POSITION>
     <ROLLNAME>TIMESTAMPL</ROLLNAME>
     <ADMINFIELD>0</ADMINFIELD>
     <COMPTYPE>E</COMPTYPE>
    </DD03P>
   </DD03P_TABLE>
  </asx:values>
 </asx:abap>
</abapGit>
