﻿<?xml version="1.0" encoding="utf-8"?>
<abapGit version="v1.0.0" serializer="LCL_OBJECT_TABL" serializer_version="v1.0.0">
 <asx:abap xmlns:asx="http://www.sap.com/abapxml" version="1.0">
  <asx:values>
   <DD02V>
    <TABNAME>ZLIKP</TABNAME>
    <DDLANGUAGE>E</DDLANGUAGE>
    <TABCLASS>TRANSP</TABCLASS>
    <CLIDEP>X</CLIDEP>
    <DDTEXT>Delivery Header Data</DDTEXT>
    <MASTERLANG>E</MASTERLANG>
    <CONTFLAG>A</CONTFLAG>
    <EXCLASS>3</EXCLASS>
   </DD02V>
   <DD09L>
    <TABNAME>ZLIKP</TABNAME>
    <AS4LOCAL>A</AS4LOCAL>
    <TABKAT>0</TABKAT>
    <TABART>APPL0</TABART>
    <BUFALLOW>N</BUFALLOW>
   </DD09L>
   <DD03P_TABLE>
    <DD03P>
     <TABNAME>ZLIKP</TABNAME>
     <FIELDNAME>CLIENT</FIELDNAME>
     <DDLANGUAGE>E</DDLANGUAGE>
     <POSITION>0001</POSITION>
     <KEYFLAG>X</KEYFLAG>
     <ADMINFIELD>0</ADMINFIELD>
     <INTTYPE>C</INTTYPE>
     <INTLEN>000006</INTLEN>
     <NOTNULL>X</NOTNULL>
     <DATATYPE>CLNT</DATATYPE>
     <LENG>000003</LENG>
     <MASK>  CLNT</MASK>
    </DD03P>
    <DD03P>
     <TABNAME>ZLIKP</TABNAME>
     <FIELDNAME>VBELN</FIELDNAME>
     <DDLANGUAGE>E</DDLANGUAGE>
     <POSITION>0002</POSITION>
     <KEYFLAG>X</KEYFLAG>
     <ADMINFIELD>0</ADMINFIELD>
     <INTTYPE>C</INTTYPE>
     <INTLEN>000020</INTLEN>
     <NOTNULL>X</NOTNULL>
     <DATATYPE>CHAR</DATATYPE>
     <LENG>000010</LENG>
     <MASK>  CHAR</MASK>
     <DDTEXT>Delivery No.</DDTEXT>
    </DD03P>
    <DD03P>
     <TABNAME>ZLIKP</TABNAME>
     <FIELDNAME>VSTEL</FIELDNAME>
     <DDLANGUAGE>E</DDLANGUAGE>
     <POSITION>0003</POSITION>
     <ADMINFIELD>0</ADMINFIELD>
     <INTTYPE>C</INTTYPE>
     <INTLEN>000008</INTLEN>
     <DATATYPE>CHAR</DATATYPE>
     <LENG>000004</LENG>
     <MASK>  CHAR</MASK>
     <DDTEXT>Shipping Point</DDTEXT>
    </DD03P>
    <DD03P>
     <TABNAME>ZLIKP</TABNAME>
     <FIELDNAME>VKORG</FIELDNAME>
     <DDLANGUAGE>E</DDLANGUAGE>
     <POSITION>0004</POSITION>
     <ADMINFIELD>0</ADMINFIELD>
     <INTTYPE>C</INTTYPE>
     <INTLEN>000008</INTLEN>
     <DATATYPE>CHAR</DATATYPE>
     <LENG>000004</LENG>
     <MASK>  CHAR</MASK>
     <DDTEXT>Sales Organization</DDTEXT>
    </DD03P>
    <DD03P>
     <TABNAME>ZLIKP</TABNAME>
     <FIELDNAME>LFART</FIELDNAME>
     <DDLANGUAGE>E</DDLANGUAGE>
     <POSITION>0005</POSITION>
     <ADMINFIELD>0</ADMINFIELD>
     <INTTYPE>C</INTTYPE>
     <INTLEN>000008</INTLEN>
     <DATATYPE>CHAR</DATATYPE>
     <LENG>000004</LENG>
     <MASK>  CHAR</MASK>
     <DDTEXT>Delivery Type</DDTEXT>
    </DD03P>
    <DD03P>
     <TABNAME>ZLIKP</TABNAME>
     <FIELDNAME>BZRIK</FIELDNAME>
     <DDLANGUAGE>E</DDLANGUAGE>
     <POSITION>0006</POSITION>
     <ADMINFIELD>0</ADMINFIELD>
     <INTTYPE>C</INTTYPE>
     <INTLEN>000012</INTLEN>
     <DATATYPE>CHAR</DATATYPE>
     <LENG>000006</LENG>
     <MASK>  CHAR</MASK>
     <DDTEXT>Sales Region</DDTEXT>
    </DD03P>
    <DD03P>
     <TABNAME>ZLIKP</TABNAME>
     <FIELDNAME>VSBED</FIELDNAME>
     <DDLANGUAGE>E</DDLANGUAGE>
     <POSITION>0007</POSITION>
     <ADMINFIELD>0</ADMINFIELD>
     <INTTYPE>C</INTTYPE>
     <INTLEN>000004</INTLEN>
     <DATATYPE>CHAR</DATATYPE>
     <LENG>000002</LENG>
     <MASK>  CHAR</MASK>
     <DDTEXT>Shipping Condition</DDTEXT>
    </DD03P>
    <DD03P>
     <TABNAME>ZLIKP</TABNAME>
     <FIELDNAME>VSART</FIELDNAME>
     <DDLANGUAGE>E</DDLANGUAGE>
     <POSITION>0008</POSITION>
     <ADMINFIELD>0</ADMINFIELD>
     <INTTYPE>C</INTTYPE>
     <INTLEN>000004</INTLEN>
     <DATATYPE>CHAR</DATATYPE>
     <LENG>000002</LENG>
     <MASK>  CHAR</MASK>
     <DDTEXT>Shipping Type</DDTEXT>
    </DD03P>
    <DD03P>
     <TABNAME>ZLIKP</TABNAME>
     <FIELDNAME>KUNAG</FIELDNAME>
     <DDLANGUAGE>E</DDLANGUAGE>
     <POSITION>0009</POSITION>
     <ADMINFIELD>0</ADMINFIELD>
     <INTTYPE>C</INTTYPE>
     <INTLEN>000020</INTLEN>
     <DATATYPE>CHAR</DATATYPE>
     <LENG>000010</LENG>
     <MASK>  CHAR</MASK>
     <DDTEXT>Sold-to</DDTEXT>
    </DD03P>
    <DD03P>
     <TABNAME>ZLIKP</TABNAME>
     <FIELDNAME>KUNNR</FIELDNAME>
     <DDLANGUAGE>E</DDLANGUAGE>
     <POSITION>0010</POSITION>
     <ADMINFIELD>0</ADMINFIELD>
     <INTTYPE>C</INTTYPE>
     <INTLEN>000020</INTLEN>
     <DATATYPE>CHAR</DATATYPE>
     <LENG>000010</LENG>
     <MASK>  CHAR</MASK>
     <DDTEXT>Ship-to</DDTEXT>
    </DD03P>
    <DD03P>
     <TABNAME>ZLIKP</TABNAME>
     <FIELDNAME>LDDAT</FIELDNAME>
     <DDLANGUAGE>E</DDLANGUAGE>
     <POSITION>0011</POSITION>
     <ADMINFIELD>0</ADMINFIELD>
     <INTTYPE>D</INTTYPE>
     <INTLEN>000016</INTLEN>
     <DATATYPE>DATS</DATATYPE>
     <LENG>000008</LENG>
     <MASK>  DATS</MASK>
     <DDTEXT>Loading Date</DDTEXT>
     <SHLPORIGIN>T</SHLPORIGIN>
    </DD03P>
    <DD03P>
     <TABNAME>ZLIKP</TABNAME>
     <FIELDNAME>LFDAT</FIELDNAME>
     <DDLANGUAGE>E</DDLANGUAGE>
     <POSITION>0012</POSITION>
     <ADMINFIELD>0</ADMINFIELD>
     <INTTYPE>D</INTTYPE>
     <INTLEN>000016</INTLEN>
     <DATATYPE>DATS</DATATYPE>
     <LENG>000008</LENG>
     <MASK>  DATS</MASK>
     <DDTEXT>Delivery Date</DDTEXT>
     <SHLPORIGIN>T</SHLPORIGIN>
    </DD03P>
    <DD03P>
     <TABNAME>ZLIKP</TABNAME>
     <FIELDNAME>KODAT</FIELDNAME>
     <DDLANGUAGE>E</DDLANGUAGE>
     <POSITION>0013</POSITION>
     <ADMINFIELD>0</ADMINFIELD>
     <INTTYPE>D</INTTYPE>
     <INTLEN>000016</INTLEN>
     <DATATYPE>DATS</DATATYPE>
     <LENG>000008</LENG>
     <MASK>  DATS</MASK>
     <DDTEXT>Picking Date</DDTEXT>
     <SHLPORIGIN>T</SHLPORIGIN>
    </DD03P>
    <DD03P>
     <TABNAME>ZLIKP</TABNAME>
     <FIELDNAME>LPRIO</FIELDNAME>
     <DDLANGUAGE>E</DDLANGUAGE>
     <POSITION>0014</POSITION>
     <ADMINFIELD>0</ADMINFIELD>
     <INTTYPE>N</INTTYPE>
     <INTLEN>000004</INTLEN>
     <DATATYPE>NUMC</DATATYPE>
     <LENG>000002</LENG>
     <MASK>  NUMC</MASK>
     <DDTEXT>Delivery Priority</DDTEXT>
    </DD03P>
    <DD03P>
     <TABNAME>ZLIKP</TABNAME>
     <FIELDNAME>LSTEL</FIELDNAME>
     <DDLANGUAGE>E</DDLANGUAGE>
     <POSITION>0015</POSITION>
     <ADMINFIELD>0</ADMINFIELD>
     <INTTYPE>C</INTTYPE>
     <INTLEN>000004</INTLEN>
     <DATATYPE>CHAR</DATATYPE>
     <LENG>000002</LENG>
     <MASK>  CHAR</MASK>
     <DDTEXT>Loading Point</DDTEXT>
    </DD03P>
    <DD03P>
     <TABNAME>ZLIKP</TABNAME>
     <FIELDNAME>FKDAT</FIELDNAME>
     <DDLANGUAGE>E</DDLANGUAGE>
     <POSITION>0016</POSITION>
     <ADMINFIELD>0</ADMINFIELD>
     <INTTYPE>D</INTTYPE>
     <INTLEN>000016</INTLEN>
     <DATATYPE>DATS</DATATYPE>
     <LENG>000008</LENG>
     <MASK>  DATS</MASK>
     <DDTEXT>Billing Date</DDTEXT>
     <SHLPORIGIN>T</SHLPORIGIN>
    </DD03P>
    <DD03P>
     <TABNAME>ZLIKP</TABNAME>
     <FIELDNAME>ROUTE</FIELDNAME>
     <DDLANGUAGE>E</DDLANGUAGE>
     <POSITION>0017</POSITION>
     <ADMINFIELD>0</ADMINFIELD>
     <INTTYPE>C</INTTYPE>
     <INTLEN>000012</INTLEN>
     <DATATYPE>CHAR</DATATYPE>
     <LENG>000006</LENG>
     <MASK>  CHAR</MASK>
     <DDTEXT>Route</DDTEXT>
    </DD03P>
    <DD03P>
     <TABNAME>ZLIKP</TABNAME>
     <FIELDNAME>WADAT</FIELDNAME>
     <DDLANGUAGE>E</DDLANGUAGE>
     <POSITION>0018</POSITION>
     <ADMINFIELD>0</ADMINFIELD>
     <INTTYPE>D</INTTYPE>
     <INTLEN>000016</INTLEN>
     <DATATYPE>DATS</DATATYPE>
     <LENG>000008</LENG>
     <MASK>  DATS</MASK>
     <DDTEXT>PGI Date</DDTEXT>
     <SHLPORIGIN>T</SHLPORIGIN>
    </DD03P>
    <DD03P>
     <TABNAME>ZLIKP</TABNAME>
     <FIELDNAME>KOSTK</FIELDNAME>
     <DDLANGUAGE>E</DDLANGUAGE>
     <POSITION>0019</POSITION>
     <ADMINFIELD>0</ADMINFIELD>
     <INTTYPE>C</INTTYPE>
     <INTLEN>000002</INTLEN>
     <DATATYPE>CHAR</DATATYPE>
     <LENG>000001</LENG>
     <MASK>  CHAR</MASK>
     <DDTEXT>Picking Status</DDTEXT>
    </DD03P>
   </DD03P_TABLE>
  </asx:values>
 </asx:abap>
</abapGit>
