﻿<?xml version="1.0" encoding="utf-8"?>
<abapGit version="v1.0.0" serializer="LCL_OBJECT_TABL" serializer_version="v1.0.0">
 <asx:abap xmlns:asx="http://www.sap.com/abapxml" version="1.0">
  <asx:values>
   <DD02V>
    <TABNAME>ZMARA</TABNAME>
    <DDLANGUAGE>E</DDLANGUAGE>
    <TABCLASS>TRANSP</TABCLASS>
    <CLIDEP>X</CLIDEP>
    <DDTEXT>Material Master</DDTEXT>
    <MASTERLANG>E</MASTERLANG>
    <CONTFLAG>A</CONTFLAG>
    <EXCLASS>1</EXCLASS>
   </DD02V>
   <DD09L>
    <TABNAME>ZMARA</TABNAME>
    <AS4LOCAL>A</AS4LOCAL>
    <TABKAT>0</TABKAT>
    <TABART>APPL0</TABART>
    <BUFALLOW>N</BUFALLOW>
   </DD09L>
   <DD03P_TABLE>
    <DD03P>
     <TABNAME>ZMARA</TABNAME>
     <FIELDNAME>CLIENT</FIELDNAME>
     <DDLANGUAGE>E</DDLANGUAGE>
     <POSITION>0001</POSITION>
     <KEYFLAG>X</KEYFLAG>
     <ADMINFIELD>0</ADMINFIELD>
     <INTTYPE>C</INTTYPE>
     <INTLEN>000006</INTLEN>
     <NOTNULL>X</NOTNULL>
     <DATATYPE>CLNT</DATATYPE>
     <LENG>000003</LENG>
     <MASK>  CLNT</MASK>
    </DD03P>
    <DD03P>
     <TABNAME>ZMARA</TABNAME>
     <FIELDNAME>MATNR</FIELDNAME>
     <DDLANGUAGE>E</DDLANGUAGE>
     <POSITION>0002</POSITION>
     <KEYFLAG>X</KEYFLAG>
     <ADMINFIELD>0</ADMINFIELD>
     <INTTYPE>C</INTTYPE>
     <INTLEN>000080</INTLEN>
     <NOTNULL>X</NOTNULL>
     <DATATYPE>CHAR</DATATYPE>
     <LENG>000040</LENG>
     <MASK>  CHAR</MASK>
     <DDTEXT>Material</DDTEXT>
    </DD03P>
    <DD03P>
     <TABNAME>ZMARA</TABNAME>
     <FIELDNAME>MTART</FIELDNAME>
     <DDLANGUAGE>E</DDLANGUAGE>
     <POSITION>0003</POSITION>
     <ADMINFIELD>0</ADMINFIELD>
     <INTTYPE>C</INTTYPE>
     <INTLEN>000008</INTLEN>
     <DATATYPE>CHAR</DATATYPE>
     <LENG>000004</LENG>
     <MASK>  CHAR</MASK>
     <DDTEXT>Material Type</DDTEXT>
    </DD03P>
    <DD03P>
     <TABNAME>ZMARA</TABNAME>
     <FIELDNAME>LAENG</FIELDNAME>
     <DDLANGUAGE>E</DDLANGUAGE>
     <POSITION>0004</POSITION>
     <ADMINFIELD>0</ADMINFIELD>
     <INTTYPE>P</INTTYPE>
     <INTLEN>000007</INTLEN>
     <REFTABLE>ZMARA</REFTABLE>
     <REFFIELD>MEINS</REFFIELD>
     <DATATYPE>QUAN</DATATYPE>
     <LENG>000013</LENG>
     <DECIMALS>000003</DECIMALS>
     <MASK>  QUAN</MASK>
     <DDTEXT>Length</DDTEXT>
    </DD03P>
    <DD03P>
     <TABNAME>ZMARA</TABNAME>
     <FIELDNAME>BREIT</FIELDNAME>
     <DDLANGUAGE>E</DDLANGUAGE>
     <POSITION>0005</POSITION>
     <ADMINFIELD>0</ADMINFIELD>
     <INTTYPE>P</INTTYPE>
     <INTLEN>000007</INTLEN>
     <REFTABLE>ZMARA</REFTABLE>
     <REFFIELD>MEINS</REFFIELD>
     <DATATYPE>QUAN</DATATYPE>
     <LENG>000013</LENG>
     <DECIMALS>000003</DECIMALS>
     <MASK>  QUAN</MASK>
     <DDTEXT>Width</DDTEXT>
    </DD03P>
    <DD03P>
     <TABNAME>ZMARA</TABNAME>
     <FIELDNAME>HOEHE</FIELDNAME>
     <DDLANGUAGE>E</DDLANGUAGE>
     <POSITION>0006</POSITION>
     <ADMINFIELD>0</ADMINFIELD>
     <INTTYPE>P</INTTYPE>
     <INTLEN>000007</INTLEN>
     <REFTABLE>ZMARA</REFTABLE>
     <REFFIELD>MEINS</REFFIELD>
     <DATATYPE>QUAN</DATATYPE>
     <LENG>000013</LENG>
     <DECIMALS>000003</DECIMALS>
     <MASK>  QUAN</MASK>
     <DDTEXT>Height</DDTEXT>
    </DD03P>
    <DD03P>
     <TABNAME>ZMARA</TABNAME>
     <FIELDNAME>MEINS</FIELDNAME>
     <DDLANGUAGE>E</DDLANGUAGE>
     <POSITION>0007</POSITION>
     <ADMINFIELD>0</ADMINFIELD>
     <INTTYPE>C</INTTYPE>
     <INTLEN>000006</INTLEN>
     <DATATYPE>UNIT</DATATYPE>
     <LENG>000003</LENG>
     <MASK>  UNIT</MASK>
     <DDTEXT>Unit Of Dimension</DDTEXT>
    </DD03P>
   </DD03P_TABLE>
  </asx:values>
 </asx:abap>
</abapGit>
