﻿<?xml version="1.0" encoding="utf-8"?>
<abapGit version="v1.0.0" serializer="LCL_OBJECT_TABL" serializer_version="v1.0.0">
 <asx:abap xmlns:asx="http://www.sap.com/abapxml" version="1.0">
  <asx:values>
   <DD02V>
    <TABNAME>ZSTUDENT_ENROLL</TABNAME>
    <DDLANGUAGE>E</DDLANGUAGE>
    <TABCLASS>TRANSP</TABCLASS>
    <CLIDEP>X</CLIDEP>
    <DDTEXT>Student Enroll</DDTEXT>
    <MASTERLANG>E</MASTERLANG>
    <CONTFLAG>A</CONTFLAG>
    <EXCLASS>1</EXCLASS>
   </DD02V>
   <DD09L>
    <TABNAME>ZSTUDENT_ENROLL</TABNAME>
    <AS4LOCAL>A</AS4LOCAL>
    <TABKAT>0</TABKAT>
    <TABART>APPL0</TABART>
    <BUFALLOW>N</BUFALLOW>
   </DD09L>
   <DD03P_TABLE>
    <DD03P>
     <TABNAME>ZSTUDENT_ENROLL</TABNAME>
     <FIELDNAME>CLIENT</FIELDNAME>
     <DDLANGUAGE>E</DDLANGUAGE>
     <POSITION>0001</POSITION>
     <KEYFLAG>X</KEYFLAG>
     <ADMINFIELD>0</ADMINFIELD>
     <INTTYPE>C</INTTYPE>
     <INTLEN>000006</INTLEN>
     <NOTNULL>X</NOTNULL>
     <DATATYPE>CLNT</DATATYPE>
     <LENG>000003</LENG>
     <MASK>  CLNT</MASK>
    </DD03P>
    <DD03P>
     <TABNAME>ZSTUDENT_ENROLL</TABNAME>
     <FIELDNAME>STUDENTID</FIELDNAME>
     <POSITION>0002</POSITION>
     <KEYFLAG>X</KEYFLAG>
     <ROLLNAME>ZSTUID</ROLLNAME>
     <CHECKTABLE>ZSTUDENT_TABLE</CHECKTABLE>
     <ADMINFIELD>0</ADMINFIELD>
     <NOTNULL>X</NOTNULL>
     <SHLPORIGIN>P</SHLPORIGIN>
     <COMPTYPE>E</COMPTYPE>
    </DD03P>
    <DD03P>
     <TABNAME>ZSTUDENT_ENROLL</TABNAME>
     <FIELDNAME>COURSEID</FIELDNAME>
     <POSITION>0003</POSITION>
     <ROLLNAME>ZCOURSEID</ROLLNAME>
     <CHECKTABLE>ZCOURSE_TABLE</CHECKTABLE>
     <ADMINFIELD>0</ADMINFIELD>
     <NOTNULL>X</NOTNULL>
     <SHLPORIGIN>P</SHLPORIGIN>
     <COMPTYPE>E</COMPTYPE>
    </DD03P>
    <DD03P>
     <TABNAME>ZSTUDENT_ENROLL</TABNAME>
     <FIELDNAME>STATUS</FIELDNAME>
     <POSITION>0004</POSITION>
     <ROLLNAME>ZFLAG</ROLLNAME>
     <ADMINFIELD>0</ADMINFIELD>
     <COMPTYPE>E</COMPTYPE>
    </DD03P>
    <DD03P>
     <TABNAME>ZSTUDENT_ENROLL</TABNAME>
     <FIELDNAME>MARKS</FIELDNAME>
     <POSITION>0005</POSITION>
     <ROLLNAME>ZMARKS</ROLLNAME>
     <ADMINFIELD>0</ADMINFIELD>
     <COMPTYPE>E</COMPTYPE>
    </DD03P>
   </DD03P_TABLE>
   <DD05M_TABLE>
    <DD05M>
     <TABNAME>ZSTUDENT_ENROLL</TABNAME>
     <FIELDNAME>COURSEID</FIELDNAME>
     <FORTABLE>*</FORTABLE>
     <CHECKTABLE>ZCOURSE_TABLE</CHECKTABLE>
     <CHECKFIELD>CLIENT</CHECKFIELD>
     <PRIMPOS>0001</PRIMPOS>
     <DATATYPE>CLNT</DATATYPE>
     <LENG>000003</LENG>
    </DD05M>
    <DD05M>
     <TABNAME>ZSTUDENT_ENROLL</TABNAME>
     <FIELDNAME>COURSEID</FIELDNAME>
     <FORTABLE>ZSTUDENT_ENROLL</FORTABLE>
     <FORKEY>COURSEID</FORKEY>
     <CHECKTABLE>ZCOURSE_TABLE</CHECKTABLE>
     <CHECKFIELD>COURSEID</CHECKFIELD>
     <PRIMPOS>0002</PRIMPOS>
     <DATATYPE>CHAR</DATATYPE>
     <LENG>000010</LENG>
    </DD05M>
    <DD05M>
     <TABNAME>ZSTUDENT_ENROLL</TABNAME>
     <FIELDNAME>STUDENTID</FIELDNAME>
     <FORTABLE>*</FORTABLE>
     <CHECKTABLE>ZSTUDENT_TABLE</CHECKTABLE>
     <CHECKFIELD>CLIENT</CHECKFIELD>
     <PRIMPOS>0001</PRIMPOS>
     <DATATYPE>CLNT</DATATYPE>
     <LENG>000003</LENG>
    </DD05M>
    <DD05M>
     <TABNAME>ZSTUDENT_ENROLL</TABNAME>
     <FIELDNAME>STUDENTID</FIELDNAME>
     <FORTABLE>ZSTUDENT_ENROLL</FORTABLE>
     <FORKEY>STUDENTID</FORKEY>
     <CHECKTABLE>ZSTUDENT_TABLE</CHECKTABLE>
     <CHECKFIELD>STUDENTID</CHECKFIELD>
     <PRIMPOS>0002</PRIMPOS>
     <DATATYPE>CHAR</DATATYPE>
     <LENG>000005</LENG>
    </DD05M>
   </DD05M_TABLE>
   <DD08V_TABLE>
    <DD08V>
     <TABNAME>ZSTUDENT_ENROLL</TABNAME>
     <FIELDNAME>COURSEID</FIELDNAME>
     <DDLANGUAGE>E</DDLANGUAGE>
     <CHECKTABLE>ZCOURSE_TABLE</CHECKTABLE>
     <CLASFIELD>*</CLASFIELD>
     <CARD>CN</CARD>
     <CHECKFLAG>X</CHECKFLAG>
     <CARDLEFT>1</CARDLEFT>
    </DD08V>
    <DD08V>
     <TABNAME>ZSTUDENT_ENROLL</TABNAME>
     <FIELDNAME>STUDENTID</FIELDNAME>
     <DDLANGUAGE>E</DDLANGUAGE>
     <CHECKTABLE>ZSTUDENT_TABLE</CHECKTABLE>
     <FRKART>KEY</FRKART>
     <CLASFIELD>*</CLASFIELD>
     <CARD>CN</CARD>
     <DDTEXT>CourseId</DDTEXT>
     <CARDLEFT>1</CARDLEFT>
    </DD08V>
   </DD08V_TABLE>
  </asx:values>
 </asx:abap>
</abapGit>
